-- phpMyAdmin SQL Dump
-- version 5.2.1
-- https://www.phpmyadmin.net/
--
-- Host: 127.0.0.1
-- Waktu pembuatan: 23 Bulan Mei 2023 pada 06.51
-- Versi server: 10.4.28-MariaDB
-- Versi PHP: 8.2.4

SET SQL_MODE = "NO_AUTO_VALUE_ON_ZERO";
START TRANSACTION;
SET time_zone = "+00:00";


/*!40101 SET @OLD_CHARACTER_SET_CLIENT=@@CHARACTER_SET_CLIENT */;
/*!40101 SET @OLD_CHARACTER_SET_RESULTS=@@CHARACTER_SET_RESULTS */;
/*!40101 SET @OLD_COLLATION_CONNECTION=@@COLLATION_CONNECTION */;
/*!40101 SET NAMES utf8mb4 */;

--
-- Database: `infomart`
--

-- --------------------------------------------------------

--
-- Struktur dari tabel `barang`
--

CREATE TABLE `barang` (
  `id_barang` varchar(20) NOT NULL,
  `nama_barang` varchar(50) NOT NULL,
  `harga` decimal(10,0) NOT NULL,
  `Stok` int(11) NOT NULL
) ENGINE=InnoDB DEFAULT CHARSET=utf8mb4 COLLATE=utf8mb4_general_ci;

--
-- Dumping data untuk tabel `barang`
--

INSERT INTO `barang` (`id_barang`, `nama_barang`, `harga`, `Stok`) VALUES
('BR001', 'RINSO ANTI NODA ', 15000, 2524),
('BR002', 'RINSO MOLTO', 15000, 5828),
('BR003', 'ATTACK EASY ', 16500, 8666),
('BR004', 'ATTACK SOFTENER ', 18000, 9639),
('BR005', 'ATTACK MAXIMIZER ', 18000, 6533),
('BR006', 'ATTACK COLOUR ', 18000, 3980),
('BR007', 'SURF CLEAN FRESH ', 12500, 7808),
('BR008', 'SURF LEMON FRESH ', 12500, 7959),
('BR009', 'BUKRIM 5000 MERAH', 5000, 6048),
('BR010', 'BUKRIM 5000 LEMON ', 5000, 7398),
('BR011', 'WOW FRESH LIME ', 5000, 7977),
('BR012', 'WOW EXOTIC FLOWER ', 5000, 8881),
('BR013', 'WOW SEJUTA BUNGA ', 5000, 483),
('BR014', 'BIMOLI', 25000, 2081),
('BR015', 'BIMOLI', 13000, 6278),
('BR016', 'FILMA', 22500, 2797),
('BR017', 'FILMA', 12000, 134),
('BR018', 'TROPICAL', 22000, 2229),
('BR019', 'TROPICAL', 11000, 4865),
('BR020', 'SARI MURNI', 21000, 3124),
('BR021', 'SARI MURNI', 11500, 1082),
('BR022', 'PALMA', 11500, 2052),
('BR023', 'FRAIS WELL', 9000, 1225),
('BR024', 'SUN LIGHT JERUK NIPIS', 9000, 9342),
('BR025', 'SUN LIGHT JERUK NIPIS', 5000, 6768),
('BR026', 'SUN LIGHT JERUK NIPIS', 3000, 5806),
('BR027', 'SUPER PELL PINE ESSENCE', 6500, 263),
('BR028', 'SUPER PELL CHERRY RED', 6500, 6285),
('BR029', 'SUPER PELL APPLE', 6500, 8965),
('BR030', 'SUPER PELL LEMON', 6500, 3513),
('BR031', 'SUPER PELL SHINE GREEN', 6500, 1080),
('BR032', 'SUPER PELL WHITE LILY', 6500, 3509),
('BR033', 'SUPER PELL GARDEN', 6500, 1666),
('BR034', 'OLTO ULTRA BIRU', 7500, 1220),
('BR035', 'MOLTO ULTRA PINK', 7500, 2280),
('BR036', 'MOLTO SOFTENER BLOSSOM PINK', 9500, 1130),
('BR037', 'MOLTO SOFTERNER SPRING BLUE', 9500, 5341),
('BR038', 'MOLTO PEWANGI FLOWER SHOWER', 7500, 6929),
('BR039', 'MOLTO PEWANGI FLORAL BLISS', 7500, 3822),
('BR040', 'PEPSODENT WHITENING 190G ', 8500, 5003),
('BR041', 'PEPSODENT HERBAL 190G', 9000, 9808),
('BR042', 'PEPSODENT GIGI BERLUBANG 190G', 6500, 3628),
('BR043', 'CLOSE UP MENTHOL 160G', 8000, 2905),
('BR044', 'CLOSE UP MILK CALSIUM 160G', 8500, 6852),
('BR045', 'PEPSODENT STAWBERRY BUBBLE', 4000, 1780),
('BR046', 'CUSSON KID ORANGE', 3500, 4354),
('BR047', 'CUSSON KID APPLE', 3500, 7298),
('BR048', 'CUSSON KID STRAWBERRY', 3500, 6247),
('BR049', 'BIORE HEALTHY PLUS', 8000, 4012),
('BR050', 'BIORE DAILY ANTISEPTIC', 8500, 2019),
('BR051', 'BIORE ACTIVE DEODORANT', 9000, 4397),
('BR052', 'BIORE PURE MILD', 9000, 6288),
('BR053', 'BIORE WHITENING SCRUB', 9000, 1975),
('BR054', 'BIORE ENERGIZING COOL', 8500, 443),
('BR055', 'LIFEBUOY NATURE PURE', 8500, 5025),
('BR056', 'LIFEBUIY TOTALPROTECT', 8500, 3629),
('BR057', 'LIFEBUOY MILDCARE', 8500, 2280),
('BR058', 'LIFEBUOY ACTIFRESH', 8500, 9362),
('BR059', 'LUX MAGIC SPELL', 9500, 4788),
('BR060', 'LUX POWER ME UP', 9500, 826),
('BR061', 'LUX WAKE ME UP', 9500, 1638),
('BR062', 'BIORE RELAXING AROMATIC', 5000, 4718),
('BR063', 'BIORE DAILY ANTISEPTIC', 4500, 7547),
('BR064', 'BIORE ACTIVE DEODORANT', 5000, 7592),
('BR065', 'BIORE PURE MILD', 5000, 9165),
('BR066', 'BIORE WHITENING SCRUB', 5000, 9219),
('BR067', 'BIORE ENERGIZING COOL', 5000, 1370),
('BR068', 'LUX WHITE GLAMOUR', 5500, 6280),
('BR069', 'LUX SOFT KISS', 5500, 7378),
('BR070', 'LUX WAKE ME UP', 5500, 4033),
('BR071', 'LUX VELVET TOUCH', 5500, 6338),
('BR072', 'YURI HAND SOAP ORANGE', 8000, 6257),
('BR073', 'YURI HAND SOAP APPLE', 8000, 7724),
('BR074', 'YURI HAND SOAP GRAPE', 8000, 9020),
('BR075', 'KISPRAY AMORIS', 8000, 1845),
('BR076', 'KISPRAY VIOLET', 8000, 6577),
('BR077', 'KISPRAY SEGERIS', 8000, 2487),
('BR078', 'KISPRAY BLUIS', 8000, 3832),
('BR079', 'INDOMIE GORENG', 3000, 9909),
('BR080', 'INDOMIE SOTO', 3000, 131),
('BR081', 'INDOMIE AYAM BAWANG', 3000, 9295),
('BR082', 'INDOMIE AYAM SPESIAL', 3000, 6382),
('BR083', 'INDOMIE KARI AYAM', 2500, 2738),
('BR084', 'MIE SEDAP GORENG', 2500, 679),
('BR085', 'MIE SEDAP SOTO', 2500, 775),
('BR086', 'MIE SEDAP AYAM BAWANG', 2500, 6771),
('BR087', 'MIE SEDAP KARI AYAM', 2500, 6064),
('BR088', 'SUPERMI GOKAR', 1500, 5217),
('BR089', 'SUPERMI GOSO', 1500, 6564),
('BR090', 'SUPERMI GOBANG', 1500, 3362),
('BR091', 'BLUE BAND CUP', 8000, 3214),
('BR092', 'SIMAS PALMIA SACHET', 4000, 3072),
('BR093', 'FORVITA SACHET', 2500, 9520),
('BR094', 'SOSRO CELUP', 3500, 2399),
('BR095', 'GREEN TEA CELUP KEPALA DJENGGOT', 7000, 6389),
('BR096', 'SOSRO JASMINE CELUP', 6000, 417),
('BR097', 'POCI CELUP VANILA', 3500, 9933),
('BR098', 'SARIWANGI CELUP', 3500, 2730),
('BR099', 'KAPAL API SPESIAL', 8000, 3499),
('BR100', 'KAPAL API SPESIAL', 3500, 9120),
('BR101', 'SKM ULTRA COKLAT', 7000, 4200),
('BR102', 'SKM ULTRA PUTIH', 8000, 7687),
('BR103', 'SKM BENDERA COKLAT', 7000, 4891),
('BR104', 'SKM BENDERA PUTIH', 8500, 2319),
('BR105', 'SKM INDOMILK COKLAT', 6500, 437),
('BR106', 'SKM INDOMILK PUTIH', 8000, 9699),
('BR107', 'OMELA', 6500, 67),
('BR108', 'ULTRA JAYA CAP SAPI', 6000, 6122),
('BR109', 'DANCOW 1+ MADU', 34000, 3817),
('BR110', 'DANCOW 3+ MADU', 34000, 5114),
('BR111', 'DANCOW 5+ COKLAT', 31500, 9114),
('BR112', 'DANCOW INSTANT COKLAT', 27000, 6399),
('BR113', 'DANCOW INSTANT ', 28000, 2378),
('BR114', 'DANCOW FULL CREAM', 27000, 9553),
('BR115', 'MILO 3 IN 1', 20000, 1090),
('BR116', 'MILO ACTIGEN-E ', 18000, 567),
('BR117', 'MILO ACTIGEN-E ', 9500, 8645),
('BR118', 'KECAP ABC MANIS', 3500, 5527),
('BR119', 'KECAP ABC ASIN', 2000, 47),
('BR120', 'KECAP ABC MANIS REFFIL', 2000, 2598),
('BR121', 'KECAP MIRAMA MANIS BOTOL', 14000, 5143),
('BR122', 'KECAP SEDAAP MANIS', 3000, 7244),
('BR123', 'KECAP SEDAAP MANIS', 3500, 4135),
('BR124', 'KECAP PIRING LOMBOK MANIS', 2500, 3463),
('BR125', 'ABC SAUS TOMAT', 7000, 1579),
('BR126', 'ABC SAUS TOMAT', 3000, 989),
('BR127', 'INDOFOOD SAUS TOMAT', 3000, 4705),
('BR128', 'ABC SAMBAL ASLI', 8500, 7520),
('BR129', 'ABC SAMBAL ASLI', 3500, 692),
('BR130', 'ABC EXTRA PEDAS', 3500, 3155),
('BR131', 'INDOFOOD SAMBAL PEDAS', 3500, 3759),
('BR132', 'INDOFOOD SAMBAL EXTRA PEDAS', 3500, 1070),
('BR133', 'INDOFOOD SAMBAL LAMPUNG', 3500, 6313),
('BR134', 'INDOFOOD SAMBAL PEDAS MANIS', 3500, 762),
('BR135', 'ABS SAUS TIRAM', 8332, 4164),
('BR136', 'GULA PASIR A 1 KG (PUTIH)', 7000, 3972),
('BR137', 'GULA PASIR B 1 KG (AGAK COKLAT)', 6500, 4341),
('BR138', 'GULAKU 1KG', 7000, 3707),
('BR139', 'CHARM EXTRA MAXI WINGS 20′S', 10000, 8579),
('BR140', 'CHARM EXTRA MAXI 20′S', 7000, 3578),
('BR141', 'CHARM EXTRA MAXI WINGS I0′S', 5000, 4424),
('BR142', 'CHARM EXTRA MAXI 10′S', 4000, 5091),
('BR143', 'CHARM EXTRA REGULER 10′S', 4000, 5701),
('BR144', 'CHARM NIGHT 35CM 10\'S', 15000, 997),
('BR145', 'CHARM NIGHT 28CM 12\'S', 7000, 2955),
('BR146', 'BAGUS NINA NIGHT WINGS 10′S', 5000, 6377),
('BR147', 'BAGUS NINA DAY WINGS 10′S', 4000, 2977),
('BR148', 'LAURIER SUPER MAXI WINGS 20′S', 10374, 936),
('BR149', 'LAURIER SUPER REGULER 20′S', 7000, 3943),
('BR150', 'LAURIER SUPER MAXI WINGS10′S', 4000, 2060),
('BR151', 'LAURIER SUPER REGULER 10′S', 4000, 906),
('BR152', 'CHARM UNSCENTED  20′S', 5000, 4897),
('BR153', 'CHARM NATURAL FLOWER SCENT 20′S', 5000, 9263),
('BR154', 'LAURIER PERFUME', 5000, 8903),
('BR155', 'LAURIER NON PERFUME', 5000, 3051),
('BR156', 'CLEAR MEN', 8000, 6702),
('BR157', 'CLEAR ITCH', 8000, 6821),
('BR158', 'CLEAR ICE COOL', 8000, 5874),
('BR159', 'CLEAR HAIR FALL', 8000, 7572),
('BR160', 'DOVE INTENSE', 8000, 7181),
('BR161', 'DOVE ANTI DANDRUF', 8000, 4306),
('BR162', 'H & S CLEAN N BALANCE', 9000, 5270),
('BR163', 'H & S SELEMBUTN SUTRA', 9000, 3290),
('BR164', 'PANTENE TOTAL CARE', 8500, 4011),
('BR165', 'PANTENE HITAM', 8500, 6592),
('BR166', 'PANTENE SMOOTH SILKY', 8500, 8695),
('BR167', 'PANTENE ANTI DANDRUF', 8500, 3884),
('BR168', 'REJOICE FAMILY', 5000, 9984),
('BR169', 'REJOICE COMPLETE', 7500, 9970),
('BR170', 'REJOCE SILKY BLACK', 7500, 9777),
('BR171', 'SUNSILK SOFT N SMOOTH', 6000, 6437),
('BR172', 'SUNSILK CLEAN N FRESH', 6096, 4118),
('BR173', 'SUNSILK STYLE', 8000, 4340),
('BR174', 'LIFEBUOY ANTI DANDRUF', 5000, 8804),
('BR175', 'LIFEBUOY ANTI HAIRFALL', 5000, 6960),
('BR176', 'LIFEBUOY CLEAN THIC', 5000, 2121),
('BR177', 'LUX PINK', 2500, 7917),
('BR178', 'LUX ORANGE', 2500, 755),
('BR179', 'LUX BIRU', 2500, 3570),
('BR180', 'LUX PUTIH', 2500, 3903),
('BR181', 'LUX KUNING', 2500, 9489),
('BR182', 'LIFEBUOY MERAH', 2000, 7762),
('BR183', 'LIFEBUOY KUNING', 2000, 1037),
('BR184', 'LIFEBUOY HIJAU', 2000, 1804),
('BR185', 'LIFEBUOY BIRU', 2000, 1673),
('BR186', 'SHINZUI SAKURA', 3000, 8405),
('BR187', 'SHINZUI HANA', 3000, 9061),
('BR188', 'SHINZUI ORIGINAL', 3000, 2417),
('BR189', 'SHINZUI KIREY', 3000, 6481),
('BR190', 'SHINZUI MYORI', 3000, 8207),
('BR191', 'NUVO FAMILY MERAH', 2000, 4926),
('BR192', 'NUVO FAMILY BIRU', 2000, 4169),
('BR193', 'NUVO FAMILY HIJAU', 2000, 942),
('BR194', 'NUVO FAMILY KUNING', 2000, 230),
('BR195', 'JHONSON BABY SOAP', 2000, 1292),
('BR196', 'CUSSON BABY SOAP', 1500, 3042),
('BR197', 'DJISAMSU FILTER', 7000, 5195),
('BR198', 'SAMPOERNA HIJAU', 6000, 4289),
('BR199', 'SAMPOERNA KRETEK', 6000, 4148),
('BR200', 'DJISAMSU KRETEK 12', 8500, 7324),
('BR201', 'DJISAMSU KRETEK 16', 11000, 6495),
('BR202', 'WISMILAK SLIM', 6000, 7864),
('BR203', 'WISMILAK DIPLOMAT', 8000, 3965),
('BR204', 'STARMILD MENTHOL', 8000, 9214),
('BR205', 'STARMILD', 8000, 5202),
('BR206', 'CLASMILD 16', 8500, 7141),
('BR207', 'CLASMILD 12', 6000, 4600),
('BR208', 'BENTOEL BIRU', 6000, 3367),
('BR209', 'BENTOEL SEJATI', 5000, 9057),
('BR210', 'COUNTRY INTERNASIONAL', 7000, 4090),
('BR211', 'COUNTRY LIGHT', 7000, 1824),
('BR212', 'LUCKY STRIKE FILTER', 8000, 3563),
('BR213', 'LUCKY STRIKE MENTHOL', 8000, 6754),
('BR214', 'LUCKY STRIKE LIGHT', 8000, 2865),
('BR215', 'ARDATH', 8000, 3774),
('BR216', 'PALLMALL MERAH', 5000, 2134),
('BR217', 'PALLMALL BIRU', 5000, 7357),
('BR218', 'PALLMALL HIJAU', 5000, 1339),
('BR219', 'KANSAS HIJAU', 6000, 8285),
('BR220', 'KANSAS MERAH', 6000, 7107),
('BR221', 'GG KRETEK', 5500, 9183),
('BR222', 'GG DJAJA', 5000, 8754),
('BR223', 'PROFIT MENTHOL', 5500, 3937),
('BR224', 'PROFIT MILD', 5500, 2327),
('BR225', 'KRATON DALEM', 4000, 4260),
('BR226', 'AROMA', 5000, 3680),
('BR227', 'GG FILTER', 7500, 3624),
('BR228', 'SURYA 16', 9000, 7458),
('BR229', 'SURYA SLIM MENTHOL', 8000, 9080),
('BR230', 'SURYA SLIM MILD', 8000, 7139),
('BR231', 'GG NUSANTARA', 5500, 1478),
('BR232', 'GG PROFESIONAL', 8000, 7859),
('BR233', 'DJARUM 12', 8000, 3880),
('BR234', 'DJARUM 16', 10000, 6996),
('BR235', 'DJARUM BLACK TEA', 8000, 1933),
('BR236', 'DJARUM BLACK CAPPUCINO', 8000, 287),
('BR237', 'DJARUM BLACK', 8000, 2716),
('BR238', 'DJARUM 76', 6000, 6465),
('BR239', 'DJARUM 76 16', 7500, 2183),
('BR240', 'DAJRUM COKLAT', 6000, 2591),
('BR241', 'DJARUM TWIN PACK', 6000, 8834),
('BR242', 'ABSOLUT', 7500, 7183),
('BR243', 'DJARUM MEZZO', 10000, 7373),
('BR244', 'DJARUM BLACK SLIM', 8000, 4697),
('BR245', 'AVOLUTION MERAH', 9000, 3590),
('BR246', 'AVOLUTION HIJAU', 9000, 7969),
('BR247', 'LA MERAH 12', 6000, 8696),
('BR248', 'LA MERAH 16', 8000, 3201),
('BR249', 'LA MENTHOL 12', 6000, 4453),
('BR250', 'LA MENTHOL 16', 8000, 7256),
('BR251', 'SAMPOERNA MILD MERAH 12', 7000, 8157),
('BR252', 'SAMPOERNA MILD MERAH 16', 9000, 8243),
('BR253', 'SAMPOERNA MILD MENTHOL 16', 9000, 3546),
('BR254', 'U MILD', 7000, 3582),
('BR255', 'MARLBORO LIGHT MENTHOL', 9500, 6829),
('BR256', 'MARLBORO LIGHT', 9500, 2263),
('BR257', 'MARLBORO MENTHOL', 9500, 6097),
('BR258', 'MARLBORO MERAH', 9500, 2022),
('BR259', 'DJISAMSU REFFIL', 12000, 1424),
('BR260', 'DJISAMSU MAGNUM', 9500, 773),
('BR261', 'BAYGON AEROSOL NYAMUK & KECOA', 28750, 9330),
('BR262', 'BAYGON AEROSOL NYAMUK & KECOA', 18100, 9370),
('BR263', 'BAYGON AEROSOL PENCEGAH DB', 20900, 7695),
('BR264', 'BAYGON LAVENDER', 19400, 2558),
('BR265', 'BAYGON PET', 35800, 7535),
('BR266', 'BAYGON PET', 25200, 5173),
('BR267', 'BAYGON PET', 16800, 2605),
('BR268', 'BAYGON BAKAR JUMBO', 3000, 9026),
('BR269', 'BAYGON BAKAR JUMBO LAVENDER', 3000, 3228),
('BR270', 'BAYGON BAKAR JUMBO DENGUE', 3000, 9667),
('BR271', 'HIT AEROSOL ORANGE', 17800, 8982),
('BR272', 'HIT AEROSOL BLUE', 17800, 4489),
('BR273', 'HIT MAT ISI 18', 5000, 6764),
('BR274', 'BAYGON MAT ISI 21', 6000, 5669),
('BR275', 'DOMESTOS NOMOS LAVENDER JUMBO', 4000, 152);

-- --------------------------------------------------------

--
-- Struktur dari tabel `customer`
--

CREATE TABLE `customer` (
  `id_customer` varchar(20) NOT NULL,
  `Nama` varchar(20) NOT NULL,
  `NoTelp` varchar(20) NOT NULL,
  `Alamat` varchar(200) NOT NULL
) ENGINE=InnoDB DEFAULT CHARSET=utf8mb4 COLLATE=utf8mb4_general_ci;

--
-- Dumping data untuk tabel `customer`
--

INSERT INTO `customer` (`id_customer`, `Nama`, `NoTelp`, `Alamat`) VALUES
('CS001', 'Marcellyna Junita Wi', '081804081233', 'Jl. Ahmad Yani No. 123, Yogyakarta'),
('CS002', 'Bernie Prajoga', '081988762119', 'Jl. Malioboro No. 456, Yogyakarta'),
('CS003', 'Adriana Maya Politon', '081900700912', 'Jl. Sudirman No. 789, Yogyakarta'),
('CS004', 'Belinda Natalia Tano', '081757734315', 'Jl. Pramuka No. 101, Yogyakarta'),
('CS005', 'Khou Lim Ngo', '081901452463', 'Jl. Pangeran Diponegoro No. 222, Yogyakarta'),
('CS006', 'Khairul Saleh', '081658846696', 'Jl. Gajah Mada No. 333, Yogyakarta'),
('CS007', 'Bachrumsyah Hamzah', '081655061973', 'Jl. Mangkubumi No. 444, Yogyakarta'),
('CS008', 'Janti Jahja', '081418507780', 'Jl. Imogiri Timur No. 567, Yogyakarta'),
('CS009', 'Kezia Putri Aprilya ', '081152559915', 'Jl. Solo No. 890, Yogyakarta'),
('CS010', 'Abu Djaja Bunjamin', '081583343626', 'Jl. Kaliurang No. 1111, Yogyakarta'),
('CS011', 'Agoeng Noegroho', '081222961749', 'Jl. Cendrawasih No. 2222, Yogyakarta'),
('CS012', 'Bambang Tijoso Tedjo', '081343381132', 'Jl. Veteran No. 3333, Yogyakarta'),
('CS013', 'Bank Centra', '081156715448', 'Jl. Progo No. 4444, Yogyakarta'),
('CS014', 'Niluh Rosye Peny Sub', '081488143384', 'Jl. Slamet Riyadi No. 5555, Yogyakarta'),
('CS015', 'Jeffery Koes Wonsoo', '081403691714', 'Jl. Ambarukmo No. 6666, Yogyakarta'),
('CS016', 'Bing Gondosubroto', '081797149502', 'Jl. Magelang No. 7777, Yogyakarta'),
('CS017', 'Leda Magdangal Tamin', '081805892152', 'Jl. Urip Sumoharjo No. 8888, Yogyakarta'),
('CS018', 'Jayanti Sari', '081548471782', 'Jl. Kusumanegara No. 9999, Yogyakarta'),
('CS019', 'Lee Chuck Soo', '081548916131', 'Jl. Mawar Merah No. 10101, Yogyakarta'),
('CS020', 'Katini Dewi', '081553245932', 'Jl. Sagan No. 11111, Yogyakarta'),
('CS021', 'Irwan Siregar', '081568480392', 'Jl. Kapten Piere Tendean No. 12121, Yogyakarta'),
('CS022', 'Leny Anwar', '081249234890', 'Jl. Urip Sumoharjo No. 13131, Yogyakarta'),
('CS023', 'Jansen Wiraatmaja', '081897560402', 'Jl. Babarsari No. 14141, Yogyakarta'),
('CS024', 'LEONARD PANDY PHUA', '081226213911', 'Jl. Palagan Tentara Pelajar No. 15151, Yogyakarta'),
('CS025', 'Bayu Prawitasari', '081310396233', 'Jl. Magelang Km 10 No. 16161, Yogyakarta'),
('CS026', 'Jan Adam Tangkilisan', '081627985223', 'Jl. Kaliurang Km 15 No. 17171, Yogyakarta'),
('CS027', 'Markun', '081142192059', 'Jl. Ring Road Selatan No. 18181, Yogyakarta'),
('CS028', 'Adryansyah', '081331815365', 'Jl. Adisucipto No. 19191, Yogyakarta'),
('CS029', 'Jeremy David Kemp', '081226424169', 'Jl. Veteran No. 20202, Yogyakarta'),
('CS030', 'Jan Triana Johanes', '081495066090', 'Jl. Raya Yogya-Solo No. 21212, Yogyakarta'),
('CS031', 'Maria Karmila', '081882643388', 'Jl. Magelang No. 22222, Yogyakarta'),
('CS032', 'Benny Tenges', '081836882887', 'Jl. Solo Km 5 No. 23232, Yogyakarta'),
('CS033', 'Adnan Kelana Haryant', '081453760427', 'Jl. Laksda Adisucipto No. 24242, Yogyakarta'),
('CS034', 'Beata Ida Hartono', '081127268913', 'Jl. Parangtritis No. 25252, Yogyakarta'),
('CS035', 'Kartini Fahmi Idris', '081880081639', 'Jl. Sagan Baru No. 26262, Yogyakarta'),
('CS036', 'Banbang Panutomo', '081818917223', 'Jl. Prawirotaman No. 27272, Yogyakarta'),
('CS037', 'Jeffrey Iuwena', '081816096833', 'Jl. Jogonegaran No. 28282, Yogyakarta'),
('CS038', 'BELLYANAWATY BUDIMAN', '081557778557', 'Jl. Taman Siswa No. 29292, Yogyakarta'),
('CS039', 'Iwan Dewono Budi Juw', '081320613172', 'Jl. Seturan No. 30303, Yogyakarta'),
('CS040', 'Bambang Niaga Tjiput', '081875893210', 'Jl. Setiabudi No. 31313, Yogyakarta'),
('CS041', 'Lianawati Setyo', '081874282129', 'Jl. Sudirman No. 32323, Yogyakarta'),
('CS042', 'Leman Hadi Soetemo', '081535616420', 'Jl. Affandi No. 33333, Yogyakarta'),
('CS043', 'Leny I. Wangsawidjaj', '081864272339', 'Jl. Dagen No. 34343, Yogyakarta'),
('CS044', 'Blue Ribbon Holding ', '081695612941', 'Jl. Kusumanegara No. 35353, Yogyakarta'),
('CS045', 'Jeffrey Koes Wonsono', '081461572385', 'Jl. Merapi No. 36363, Yogyakarta'),
('CS046', 'Bimo Pramudyo Soekar', '081656778409', 'Jl. Kaliurang Km 25 No. 37373, Yogyakarta'),
('CS047', 'BamBang Sumantri', '081858282060', 'Jl. Gejayan No. 38383, Yogyakarta'),
('CS048', 'Ken Leksono Sedianto', '081313717257', 'Jl. Kusumanegara No. 39393, Yogyakarta'),
('CS049', 'Abdul Rahman', '081768117474', 'Jl. Affandi No. 40404, Yogyakarta'),
('CS050', 'James Tjahaja Riady', '081388143712', 'Jl. Imogiri No. 41414, Yogyakarta'),
('CS051', 'Bank Bira', '081544977622', 'Jl. Urip Sumoharjo No. 42424, Yogyakarta'),
('CS052', 'Katleen Yangrikho Gu', '081423857000', 'Jl. Kaliurang No. 43434, Yogyakarta'),
('CS053', 'BASIR B. NASIKUN', '081703607297', 'Jl. Solo No. 44444, Yogyakarta'),
('CS054', 'Baldeo Singh', '081195099892', 'Jl. Sudirman No. 45454, Yogyakarta'),
('CS055', 'Barlianto Ronald', '081929096599', 'Jl. Mangkubumi No. 46464, Yogyakarta'),
('CS056', 'Bintoro Wong', '081781365386', 'Jl. Pangeran Diponegoro No. 47474, Yogyakarta'),
('CS057', 'Mark Patrick Hanusz', '081261338647', 'Jl. Malioboro No. 48484, Yogyakarta'),
('CS058', 'Jap Hartono & Santy ', '081507278806', 'Jl. Ahmad Yani No. 49494, Yogyakarta'),
('CS059', 'Jialipto Jiaravanon', '081967917229', 'Jl. Gajah Mada No. 50505, Yogyakarta'),
('CS060', 'Baduraman Dorpi Parl', '081115024867', 'Jl. Magelang Km 3 No. 51515, Yogyakarta'),
('CS061', 'Iwan Ruwiyadi', '081234975069', 'Jl. Kusumanegara No. 52525, Yogyakarta'),
('CS062', 'AAJ Batavia', '081466160521', 'Jl. Gejayan No. 53535, Yogyakarta'),
('CS063', 'Aam Dewi Hamidah', '081360753960', 'Jl. Solo Km 10 No. 54545, Yogyakarta'),
('CS064', 'Bambang', '081588351076', 'Jl. Ring Road Utara No. 55555, Yogyakarta'),
('CS065', 'Letty Johan', '081404121874', 'Jl. Prawirotaman No. 56565, Yogyakarta'),
('CS066', 'Jason James Raymond', '081280269978', 'Jl. Cendrawasih No. 57575, Yogyakarta'),
('CS067', 'Marilyn Caracas', '081625233018', 'Jl. Babarsari No. 58585, Yogyakarta'),
('CS068', 'Margareth Maria Regi', '081412948312', 'Jl. Pangeran Diponegoro No. 59595, Yogyakarta'),
('CS069', 'Khou Lim Ngo', '081170309892', 'Jl. Urip Sumoharjo No. 60606, Yogyakarta'),
('CS070', 'Irwan Hermanto', '081575080170', 'Jl. Magelang No. 61616, Yogyakarta'),
('CS071', 'Adi Sumito', '081715782100', 'Jl. Kaliurang No. 62626, Yogyakarta'),
('CS072', 'Bob Yanuar', '081328733765', 'Jl. Sudirman No. 63636, Yogyakarta'),
('CS073', 'Bernadette Ruth Iraw', '081765575700', 'Jl. Malioboro No. 64646, Yogyakarta'),
('CS074', 'Bayu Irianto', '081527971033', 'Jl. Ahmad Yani No. 65656, Yogyakarta'),
('CS075', 'Batavia Prosperindo ', '081354890733', 'Jl. Gejayan No. 66666, Yogyakarta'),
('CS076', 'IVY LIANAWATI', '081115234196', 'Jl. Gajah Mada No. 67676, Yogyakarta'),
('CS077', 'Adam Sautin', '081876374177', 'Jl. Prawirotaman No. 68686, Yogyakarta'),
('CS078', 'Jenny Elisabeth RG', '081232719567', 'Jl. Babarsari No. 69696, Yogyakarta'),
('CS079', 'Achmad Faried Joesoe', '081943189025', 'Jl. Solo Km 5 No. 70707, Yogyakarta'),
('CS080', 'Istini Siddharta', '081501654636', 'Jl. Magelang Km 15 No. 71717, Yogyakarta'),
('CS081', 'Bambang Suhandi. T, ', '081156462353', 'Jl. Kusumanegara No. 72727, Yogyakarta'),
('CS082', 'Iwan Margana', '081508673845', 'Jl. Adisucipto No. 73737, Yogyakarta'),
('CS083', 'Ago Harlim', '081291223161', 'Jl. Urip Sumoharjo No. 74747, Yogyakarta'),
('CS084', 'Abdullah Alatas', '081984453476', 'Jl. Solo Km 3 No. 75757, Yogyakarta'),
('CS085', 'Benjamin Subrata', '081636879559', 'Jl. Mangkubumi No. 76767, Yogyakarta'),
('CS086', 'Levi Octavia Soewarn', '081370557434', 'Jl. Pangeran Diponegoro No. 77777, Yogyakarta'),
('CS087', 'Janni', '081683476649', 'Jl. Malioboro No. 78787, Yogyakarta'),
('CS088', 'Irwan Atmadja Dinata', '081939037930', 'Jl. Sudirman No. 79797, Yogyakarta'),
('CS089', 'Achmad Nugraha Djuan', '081655695960', 'Jl. Gejayan No. 80808, Yogyakarta'),
('CS090', 'LIANNY HARYONO', '081832824373', 'Jl. Gajah Mada No. 81818, Yogyakarta'),
('CS091', 'Ivan Budiono', '081539984069', 'Jl. Kaliurang No. 82828, Yogyakarta'),
('CS092', 'IVAN HENRY', '081586400146', 'Jl. Ahmad Yani No. 83838, Yogyakarta'),
('CS093', 'Bambang Subianto', '081814132410', 'Jl. Magelang No. 84848, Yogyakarta'),
('CS094', 'Kazan Gunawan', '081979546994', 'Jl. Malioboro No. 85858, Yogyakarta'),
('CS095', 'Basuiki Puspoputro', '081212773665', 'Jl. Sudirman No. 86868, Yogyakarta'),
('CS096', 'Benny Tjokrosapoetro', '081750492779', 'Jl. Babarsari No. 87878, Yogyakarta'),
('CS097', 'Kiki Barki', '081828523512', 'Jl. Prawirotaman No. 88888, Yogyakarta'),
('CS098', 'A Prabhu', '081183953867', 'Jl. Solo Km 10 No. 89898, Yogyakarta'),
('CS099', 'LEDRES BALMACEDA MAR', '081385085796', 'Jl. Kusumanegara No. 90909, Yogyakarta'),
('CS100', 'B. Dorpi Parlindunga', '081923803425', 'Jl. Gejayan No. 91919, Yogyakarta'),
('CS101', 'Bismarka Kurniawan', '081919675840', 'Jl. Urip Sumoharjo No. 92929, Yogyakarta'),
('CS102', 'ISMAN AYUB', '081767669204', 'Jl. Pangeran Diponegoro No. 93939, Yogyakarta'),
('CS103', 'MANIWANEN', '081149452584', 'Jl. Malioboro No. 94949, Yogyakarta'),
('CS104', 'Abdul Hadi Ismail', '081512096794', 'Jl. Gajah Mada No. 95959, Yogyakarta'),
('CS105', 'Kenneth R. Wynn', '081424734112', 'Jl. Kaliurang No. 96969, Yogyakarta'),
('CS106', 'Aditya Koeswojo', '081627760211', 'Jl. Sudirman No. 97979, Yogyakarta'),
('CS107', 'Bob Yanuar', '081320549342', 'Jl. Ahmad Yani No. 98989, Yogyakarta'),
('CS108', 'Afandi Hermawan Oey', '081586688091', 'Jl. Magelang No. 99999, Yogyakarta'),
('CS109', 'Ken Ng', '081924924373', 'Jl. Gejayan No. 101010, Yogyakarta'),
('CS110', 'Jeffery Freshen Siho', '081959182581', 'Jl. Prawirotaman No. 102102, Yogyakarta'),
('CS111', 'Benny Setiawan', '081186618137', 'Jl. Babarsari No. 103103, Yogyakarta'),
('CS112', 'Jap Carmen', '081592312485', 'Jl. Solo Km 5 No. 104104, Yogyakarta'),
('CS113', 'JENNY WIDJAJA', '081543690692', 'Jl. Kusumanegara No. 105105, Yogyakarta'),
('CS114', 'Jeffrey Hartono', '081251972440', 'Jl. Malioboro No. 106106, Yogyakarta'),
('CS115', 'Iwan Hardja', '081429996065', 'Jl. Gajah Mada No. 107107, Yogyakarta'),
('CS116', 'Bimo Surono', '081541559398', 'Jl. Sudirman No. 108108, Yogyakarta'),
('CS117', 'Jeffrey Sugianto', '081550856882', 'Jl. Ahmad Yani No. 109109, Yogyakarta'),
('CS118', 'Afandi Hermawan Oey ', '081714115914', 'Jl. Gejayan No. 110110, Yogyakarta'),
('CS119', 'Jennie Widjaya', '081890973835', 'Jl. Pangeran Diponegoro No. 111111, Yogyakarta'),
('CS120', 'Kiki Kiftiah', '081503599027', 'Jl. Kaliurang No. 112112, Yogyakarta'),
('CS121', 'Ben Morice', '081366027839', 'Jl. Magelang No. 113113, Yogyakarta'),
('CS122', 'Ade R. Syarief', '081615863969', 'Jl. Malioboro No. 114114, Yogyakarta'),
('CS123', 'Adhi Utomo Jusman', '081427202615', 'Jl. Sudirman No. 115115, Yogyakarta'),
('CS124', 'Agung Tobing', '081588181062', 'Jl. Gajah Mada No. 116116, Yogyakarta'),
('CS125', 'Iwa Sewaka', '081418799525', 'Jl. Babarsari No. 117117, Yogyakarta'),
('CS126', 'Achmad Sandi', '081917489753', 'Jl. Solo Km 10 No. 118118, Yogyakarta'),
('CS127', 'Marten Liu', '081406595401', 'Jl. Kusumanegara No. 119119, Yogyakarta'),
('CS128', 'Mario Christy', '081336747275', 'Jl. Prawirotaman No. 120120, Yogyakarta'),
('CS129', 'A. Budi Pranoto', '081668249369', 'Jl. Ahmad Yani No. 121121, Yogyakarta'),
('CS130', 'Ivan Setiawan Tan', '081354470447', 'Jl. Gejayan No. 122122, Yogyakarta'),
('CS131', 'Abdul Rachman', '081694759130', 'Jl. Malioboro No. 123123, Yogyakarta'),
('CS132', 'Beng Phiau', '081171044574', 'Jl. Kaliurang No. 124124, Yogyakarta'),
('CS133', 'Itjendri Suitono Thi', '081635183562', 'Jl. Sudirman No. 125125, Yogyakarta'),
('CS134', 'Bambang Sugianto', '081702152353', 'Jl. Gajah Mada No. 126126, Yogyakarta'),
('CS135', 'Isenta Hioe', '081157072859', 'Jl. Magelang No. 127127, Yogyakarta'),
('CS136', 'Bambang Sujagad Susa', '081423075259', 'Jl. Pangeran Diponegoro No. 128128, Yogyakarta'),
('CS137', 'Agung Salim', '081500508606', 'Jl. Babarsari No. 129129, Yogyakarta'),
('CS138', 'Bengt Carl Gustav Th', '081862571484', 'Jl. Solo Km 5 No. 130130, Yogyakarta'),
('CS139', 'Marcellus Charles Co', '081734605644', 'Jl. Kusumanegara No. 131131, Yogyakarta'),
('CS140', 'Karuna Murdaya', '081556023110', 'Jl. Gejayan No. 132132, Yogyakarta'),
('CS141', 'Beny Haryanto', '081933611294', 'Jl. Ahmad Yani No. 133133, Yogyakarta'),
('CS142', 'Leonardus Eko Daru L', '081507188915', 'Jl. Malioboro No. 134134, Yogyakarta'),
('CS143', 'Jamin Soetoyo', '081295794877', 'Jl. Sudirman No. 135135, Yogyakarta'),
('CS144', 'BHAYANG SURYADIMADJA', '081513838325', 'Jl. Gajah Mada No. 136136, Yogyakarta'),
('CS145', 'Jessy Vishamkar Adna', '081639488688', 'Jl. Kaliurang No. 137137, Yogyakarta'),
('CS146', 'Jim Truesdell', '081330886454', 'Jl. Magelang No. 138138, Yogyakarta'),
('CS147', 'Kiki Sutantyo', '081488123556', 'Jl. Pangeran Diponegoro No. 139139, Yogyakarta'),
('CS148', 'Istini Tatiek Siddha', '081776936664', 'Jl. Babarsari No. 140140, Yogyakarta'),
('CS149', 'Benjamin Wong Siong ', '081222438409', 'Jl. Solo Km 10 No. 141141, Yogyakarta'),
('CS150', 'Jeniawati', '081355476102', 'Jl. Kusumanegara No. 142142, Yogyakarta'),
('CS151', 'Bank Danamon', '081107886627', 'Jl. Gejayan No. 143143, Yogyakarta'),
('CS152', 'Achmad', '081555719792', 'Jl. Ahmad Yani No. 144144, Yogyakarta'),
('CS153', 'Bambang Irawan Massi', '081975724876', 'Jl. Malioboro No. 145145, Yogyakarta'),
('CS154', 'Abu Hermanto Budiono', '081646885186', 'Jl. Sudirman No. 146146, Yogyakarta'),
('CS155', 'Betty Ang', '081449297396', 'Jl. Gajah Mada No. 147147, Yogyakarta'),
('CS156', 'Jeannie Widjaja', '081903752404', 'Jl. Kaliurang No. 148148, Yogyakarta'),
('CS157', 'Adri Achmad Drajat', '081807173065', 'Jl. Magelang No. 149149, Yogyakarta'),
('CS158', 'Katharina Wihardja', '081300952931', 'Jl. Pangeran Diponegoro No. 150150, Yogyakarta'),
('CS159', 'Bayu Virgan Triyatno', '081730049286', 'Jl. Babarsari No. 151151, Yogyakarta'),
('CS160', 'Adi Bisono', '081559378728', 'Jl. Solo Km 5 No. 152152, Yogyakarta'),
('CS161', 'Marluce Tio Indriati', '081158185309', 'Jl. Kusumanegara No. 153153, Yogyakarta'),
('CS162', 'Agam Nugraha Subagdj', '081740750647', 'Jl. Gejayan No. 154154, Yogyakarta'),
('CS163', 'Adji Muljo Teguh', '081910603335', 'Jl. Ahmad Yani No. 155155, Yogyakarta'),
('CS164', 'Achmad Latief Alwy', '081696225940', 'Jl. Malioboro No. 156156, Yogyakarta'),
('CS165', 'Iwan Rosadi Widyapra', '081505092526', 'Jl. Sudirman No. 157157, Yogyakarta'),
('CS166', 'Lestariono', '081162329292', 'Jl. Gajah Mada No. 158158, Yogyakarta'),
('CS167', 'Marcella Magdalena', '081848253032', 'Jl. Kaliurang No. 159159, Yogyakarta'),
('CS168', 'Ken Leksono Sedianto', '081805458122', 'Jl. Magelang No. 160160, Yogyakarta'),
('CS169', 'Johanes', '081884152206', 'Jl. Pangeran Diponegoro No. 161161, Yogyakarta'),
('CS170', 'Jenty', '081621389776', 'Jl. Babarsari No. 162162, Yogyakarta'),
('CS171', 'Achirsyah Moeis', '081386953799', 'Jl. Solo Km 10 No. 163163, Yogyakarta'),
('CS172', 'Jamin Tjandra', '081761555174', 'Jl. Kusumanegara No. 164164, Yogyakarta'),
('CS173', 'Jimmy Budhi', '081693297405', 'Jl. Gejayan No. 165165, Yogyakarta'),
('CS174', 'Bagus Panuntun', '081620425261', 'Jl. Ahmad Yani No. 166166, Yogyakarta'),
('CS175', 'Irwan Santoso Chandr', '081278367541', 'Jl. Malioboro No. 167167, Yogyakarta'),
('CS176', 'Jeffrey K. Wonsono', '081517152715', 'Jl. Sudirman No. 168168, Yogyakarta'),
('CS177', 'Ade Tjakralaksana', '081682599669', 'Jl. Gajah Mada No. 169169, Yogyakarta'),
('CS178', 'Jendrawasih Jenni', '081537097831', 'Jl. Kaliurang No. 170170, Yogyakarta'),
('CS179', 'Marco Baldini', '081571789094', 'Jl. Magelang No. 171171, Yogyakarta'),
('CS180', 'Margaretha Natalia W', '081637761288', 'Jl. Pangeran Diponegoro No. 172172, Yogyakarta'),
('CS181', 'Lee Yick Cheung', '081600670398', 'Jl. Babarsari No. 173173, Yogyakarta'),
('CS182', 'Kendra Soegandha', '081663452331', 'Jl. Solo Km 5 No. 174174, Yogyakarta'),
('CS183', 'Adi Sasono', '081887899744', 'Jl. Kusumanegara No. 175175, Yogyakarta'),
('CS184', 'Beatrice El', '081987178369', 'Jl. Gejayan No. 176176, Yogyakarta'),
('CS185', 'Bambang Rahardja Bur', '081296671064', 'Jl. Ahmad Yani No. 177177, Yogyakarta'),
('CS186', 'Abdul Rifai Natanega', '081313136446', 'Jl. Malioboro No. 178178, Yogyakarta'),
('CS187', 'Khoe Ay Hwa', '081371690426', 'Jl. Sudirman No. 179179, Yogyakarta'),
('CS188', 'Abdul Slam Tahir', '081776211476', 'Jl. Gajah Mada No. 180180, Yogyakarta'),
('CS189', 'Markus Parmadi', '081401135162', 'Jl. Kaliurang No. 181181, Yogyakarta'),
('CS190', 'Adhi Utomo', '081625652985', 'Jl. Magelang No. 182182, Yogyakarta'),
('CS191', 'Mario Satya Pratomo', '081933118614', 'Jl. Pangeran Diponegoro No. 183183, Yogyakarta'),
('CS192', 'Aarti Lohia', '081955986275', 'Jl. Babarsari No. 184184, Yogyakarta'),
('CS193', 'Irvinia Megawati Sad', '081872125204', 'Jl. Solo Km 10 No. 185185, Yogyakarta'),
('CS194', 'Ivantara Dviyudha', '081965616364', 'Jl. Kusumanegara No. 186186, Yogyakarta'),
('CS195', 'Jap, Soegiono', '081348340016', 'Jl. Gejayan No. 187187, Yogyakarta'),
('CS196', 'Liauw Sumiati', '081340582165', 'Jl. Ahmad Yani No. 188188, Yogyakarta'),
('CS197', 'Achmad Kalla', '081924900815', 'Jl. Malioboro No. 189189, Yogyakarta'),
('CS198', 'Adimitra Baratama Nu', '081133902201', 'Jl. Sudirman No. 190190, Yogyakarta'),
('CS199', 'Lenny Wijaya', '081564109097', 'Jl. Gajah Mada No. 191191, Yogyakarta'),
('CS200', 'LE PURNA HARJANI', '081870925659', 'Jl. Kaliurang No. 192192, Yogyakarta'),
('CS201', 'Bambang Hartono', '081107367915', 'Jl. Magelang No. 193193, Yogyakarta'),
('CS202', 'Iskandar Tanuwidjaja', '081570785117', 'Jl. Pangeran Diponegoro No. 194194, Yogyakarta'),
('CS203', 'Ismail Hirawan', '081636562574', 'Jl. Babarsari No. 195195, Yogyakarta'),
('CS204', 'Ivonny Budiono', '081216152137', 'Jl. Solo Km 5 No. 196196, Yogyakarta'),
('CS205', 'BENNY IRSJAD', '081689320954', 'Jl. Kusumanegara No. 197197, Yogyakarta'),
('CS206', 'Kasiviswanathan Prak', '081284356801', 'Jl. Gejayan No. 198198, Yogyakarta'),
('CS207', 'IRVAN YUSRIZAL GADIN', '081772614408', 'Jl. Ahmad Yani No. 199199, Yogyakarta'),
('CS208', 'Achmad Fadjar', '081190472027', 'Jl. Malioboro No. 200200, Yogyakarta'),
('CS209', 'JEMMY ROMMY PONTOH', '081392513225', 'Jl. Sudirman No. 201201, Yogyakarta'),
('CS210', 'Irwandy Ma Rajabasa', '081103167998', 'Jl. Gajah Mada No. 202202, Yogyakarta'),
('CS211', 'Jap Johanes', '081568586162', 'Jl. Kaliurang No. 203203, Yogyakarta'),
('CS212', 'Ishak Sumarno', '081779275004', 'Jl. Magelang No. 204204, Yogyakarta'),
('CS213', 'Agung Podomoro Group', '081768865807', 'Jl. Pangeran Diponegoro No. 205205, Yogyakarta'),
('CS214', 'Adelina Prasetio', '081939803508', 'Jl. Babarsari No. 206206, Yogyakarta'),
('CS215', 'BEATRICE EL', '081527152724', 'Jl. Solo Km 10 No. 207207, Yogyakarta');

-- --------------------------------------------------------

--
-- Struktur dari tabel `penjualan`
--

CREATE TABLE `penjualan` (
  `NoFaktur` varchar(20) NOT NULL,
  `Tanggal` varchar(20) NOT NULL,
  `ID_Customer` varchar(10) NOT NULL,
  `TotalBeli` decimal(10,0) NOT NULL
) ENGINE=InnoDB DEFAULT CHARSET=utf8mb4 COLLATE=utf8mb4_general_ci;

--
-- Dumping data untuk tabel `penjualan`
--

INSERT INTO `penjualan` (`NoFaktur`, `Tanggal`, `ID_Customer`, `TotalBeli`) VALUES
('IF001', '21-05-2023', 'CS001', 17100),
('IF002', '23-05-2023', 'CS002', 81750),
('IF003', '23-05-2023', 'CS003', 75500),
('IF004', '23-05-2023', 'CS004', 98500),
('IF005', '23-05-2023', 'CS005', 143200);

-- --------------------------------------------------------

--
-- Struktur dari tabel `rincipenjualan`
--

CREATE TABLE `rincipenjualan` (
  `No_Faktur` varchar(20) NOT NULL,
  `ID_Barang` varchar(10) NOT NULL,
  `Nama_Barang` varchar(50) NOT NULL,
  `Jumlah` int(11) NOT NULL,
  `Harga` decimal(10,0) NOT NULL,
  `Total` decimal(10,0) NOT NULL
) ENGINE=InnoDB DEFAULT CHARSET=utf8mb4 COLLATE=utf8mb4_general_ci;

--
-- Dumping data untuk tabel `rincipenjualan`
--

INSERT INTO `rincipenjualan` (`No_Faktur`, `ID_Barang`, `Nama_Barang`, `Jumlah`, `Harga`, `Total`) VALUES
('IF001', '13', 'PEPSODENT WHITENING 190G ', 2, 8550, 17100),
('IF002', '6', 'BIMOLI 1LT', 3, 13000, 39000),
('IF003', '2', 'ATTACK EASY ', 3, 16500, 49500),
('IF004', '12', 'MOLTO SOFTENER BLOSSOM PINK 900ML', 5, 9500, 47500),
('IF005', '10', 'SUPER PELL', 5, 6500, 32500);

--
-- Indexes for dumped tables
--

--
-- Indeks untuk tabel `barang`
--
ALTER TABLE `barang`
  ADD PRIMARY KEY (`id_barang`);

--
-- Indeks untuk tabel `customer`
--
ALTER TABLE `customer`
  ADD PRIMARY KEY (`id_customer`);

--
-- Indeks untuk tabel `penjualan`
--
ALTER TABLE `penjualan`
  ADD PRIMARY KEY (`NoFaktur`);

--
-- Indeks untuk tabel `rincipenjualan`
--
ALTER TABLE `rincipenjualan`
  ADD PRIMARY KEY (`No_Faktur`);
COMMIT;

/*!40101 SET CHARACTER_SET_CLIENT=@OLD_CHARACTER_SET_CLIENT */;
/*!40101 SET CHARACTER_SET_RESULTS=@OLD_CHARACTER_SET_RESULTS */;
/*!40101 SET COLLATION_CONNECTION=@OLD_COLLATION_CONNECTION */;
